{
  "mae_by_threshold_tune": {
    "0.0": 12.12632634090549,
    "0.1": 7.854385420441329,
    "0.15": 7.814053297646503,
    "0.2": 7.792028195868631,
    "0.25": 7.778425800525065,
    "0.3": 7.770383405577702,
    "0.35": 7.766898313622107,
    "0.4": 7.765482989736389,
    "0.45": 7.765280672525204,
    "0.5": 7.76573171768539,
    "0.6": 7.76746902145392,
    "0.7": 7.769147744405029,
    "1.1": 7.772538123857759
  },
  "best_threshold": 0.45,
  "blend_alone_full": 7.877032547819828,
  "blend_two_stage_full": 7.8695943843122915,
  "blend_alone_unseen_half": 7.981526971781901,
  "blend_two_stage_unseen_half": 7.973908096099379
}