{
  "mae_by_threshold_tune": {
    "0.0": 12.12632634090549,
    "0.1": 7.8546829784231065,
    "0.15": 7.814284314077781,
    "0.2": 7.792189677218846,
    "0.25": 7.7784830016930675,
    "0.3": 7.770373399118449,
    "0.35": 7.766975535004563,
    "0.4": 7.765591837955088,
    "0.45": 7.765393867675655,
    "0.5": 7.7658365796075035,
    "0.6": 7.7675398067969805,
    "0.7": 7.7691878425675425,
    "1.1": 7.772515537294456
  },
  "best_threshold": 0.45,
  "blend_alone_full": 7.876760287414817,
  "blend_two_stage_full": 7.869461468509025,
  "blend_alone_unseen_half": 7.981005037535178,
  "blend_two_stage_unseen_half": 7.973529069342397
}