{
  "models": [
    "gbm_champion",
    "gbm_kaggle",
    "gbm_tfidf"
  ],
  "weights": {
    "gbm_champion": 0.0,
    "gbm_kaggle": 0.7269537002659071,
    "gbm_tfidf": 0.27304629973409295
  },
  "singles_mae": {
    "gbm_champion": 8.355923669479733,
    "gbm_kaggle": 8.17777969794334,
    "gbm_tfidf": 8.284077583015366
  },
  "blend_mae": 8.161659155689616,
  "best_single": 8.17777969794334
}