{
  "mae_by_threshold_tune": {
    "0.0": 12.12632634090549,
    "0.1": 7.897891071734682,
    "0.15": 7.861663202342421,
    "0.2": 7.8414330781188575,
    "0.25": 7.829816794270543,
    "0.3": 7.823346116459829,
    "0.35": 7.819759524707025,
    "0.4": 7.818072346715449,
    "0.45": 7.817438734547028,
    "0.5": 7.817459632445017,
    "0.6": 7.818571076131013,
    "0.7": 7.820082249237335,
    "1.1": 7.823077217920625
  },
  "best_threshold": 0.45,
  "blend_alone_full": 7.913700025927406,
  "blend_two_stage_full": 7.907676200318884,
  "blend_alone_unseen_half": 8.004322833934188,
  "blend_two_stage_unseen_half": 7.9979136660907395
}