{
  "models": [
    "clean_full",
    "emb_e5_full",
    "gbm_champion",
    "gbm_kaggle",
    "gbm_tfidf",
    "hybrid_full",
    "two_stage"
  ],
  "weights": {
    "clean_full": 0.22915551058926598,
    "emb_e5_full": 0.009677446903067021,
    "gbm_champion": 0.0,
    "gbm_kaggle": 0.0,
    "gbm_tfidf": 3.151284285449502e-17,
    "hybrid_full": 0.19366770824174992,
    "two_stage": 0.5674993342659171
  },
  "singles_mae": {
    "clean_full": 7.938746785583296,
    "emb_e5_full": 7.996765526721157,
    "gbm_champion": 8.355923669479733,
    "gbm_kaggle": 8.17777969794334,
    "gbm_tfidf": 8.284077583015366,
    "hybrid_full": 7.966029011724352,
    "two_stage": 7.898875777053312
  },
  "blend_mae": 7.876760287414817,
  "best_single": 7.898875777053312
}