{
  "mae_by_threshold_tune": {
    "0.0": 12.12632634090549,
    "0.1": 7.911847601408314,
    "0.15": 7.874153252444051,
    "0.2": 7.851682286588629,
    "0.25": 7.837774061415082,
    "0.3": 7.830877670138937,
    "0.35": 7.827782068880491,
    "0.4": 7.826400457441987,
    "0.45": 7.826179551760577,
    "0.5": 7.8266318900376195,
    "0.6": 7.828164932891419,
    "0.7": 7.8296412068068495,
    "1.1": 7.832335185260698
  },
  "best_threshold": 0.45,
  "blend_alone_full": 7.934066105452609,
  "blend_two_stage_full": 7.927554970035884,
  "blend_alone_unseen_half": 8.035797025644522,
  "blend_two_stage_unseen_half": 8.028930388311194
}