{
  "objective": "mae",
  "log_target": true,
  "best_iter": 1,
  "holdout": {
    "mae": 11.889086365431183,
    "mae_baseline": 11.907397094794018,
    "gain_abs": 0.01831072936283462,
    "gain_rel": 0.0015377608739394588
  },
  "top_features": {
    "n_children": 38444.643127441406,
    "sibling_rank": 12480.214611053467,
    "author_n_comments": 12008.477279663086,
    "pct_in_thread": 10025.001657485962,
    "thread_n_authors": 6929.5858516693115,
    "n_siblings": 4635.269668579102,
    "thread_size": 1934.7914142608643,
    "depth": 1770.502679824829,
    "n_chars": 1542.263816833496,
    "rank_in_thread": 1328.2064952850342,
    "is_reply_to_link": 1085.5386962890625,
    "is_deleted_body": 1037.7954330444336,
    "n_words": 765.4394054412842,
    "dow": 607.6385974884033,
    "vader_neu": 309.781005859375,
    "hour": 281.59239768981934,
    "uppercase_ratio": 131.83099937438965,
    "vader_neg": 80.38780212402344,
    "ends_question": 71.70789909362793,
    "has_url": 21.273300170898438
  }
}