{
  "mae_by_threshold_tune_half": {
    "0.0": 12.12632634090549,
    "0.05": 8.008497295625288,
    "0.1": 7.934230515391326,
    "0.15": 7.899213891856657,
    "0.2": 7.87940262464962,
    "0.25": 7.868619754034745,
    "0.3": 7.865583996233901,
    "0.35": 7.866966180006868,
    "0.4": 7.870795260445572,
    "0.45": 7.878619226156134,
    "0.5": 7.88998628973162,
    "0.6": 7.925737322498851,
    "0.7": 7.9786700352288955,
    "0.8": 8.053972361972718,
    "0.9": 8.14286119992878,
    "1.1": 8.17170219844756
  },
  "best_threshold": 0.3,
  "mae_report_half_unseen": 8.053697844204807,
  "mae_full_holdout": 7.959640920219353,
  "reference_single_stage": 7.9968,
  "stage_a_auc": 0.7926002101891283
}