{
  "mae_by_threshold_tune_half": {
    "0.0": 12.12632634090549,
    "0.05": 7.944735915110204,
    "0.1": 7.868750317393433,
    "0.15": 7.830600142665109,
    "0.2": 7.811729563341105,
    "0.25": 7.801283128028615,
    "0.3": 7.796962679731874,
    "0.35": 7.797480168905825,
    "0.4": 7.801383197397202,
    "0.45": 7.808567255040902,
    "0.5": 7.819013858456462,
    "0.6": 7.852900307146678,
    "0.7": 7.904552282519086,
    "0.8": 7.97989921013455,
    "0.9": 8.070141291213226,
    "1.1": 8.098819733036413
  },
  "best_threshold": 0.3,
  "mae_report_half_unseen": 8.000788874374749,
  "mae_full_holdout": 7.898875777053312,
  "reference_single_stage": 7.938746785583296,
  "stage_a_auc": 0.7934173756309293,
  "stage_a_best_iter": 504,
  "stage_b_best_iter": 616,
  "n_fit_rows": 2284740
}