{
  "mae_by_threshold_tune_half": {
    "0.0": 12.12632634090549,
    "0.05": 7.995517288972057,
    "0.1": 7.923083084525253,
    "0.15": 7.889512617055256,
    "0.2": 7.872977904017472,
    "0.25": 7.864876078006029,
    "0.3": 7.862587195755959,
    "0.35": 7.862931228447509,
    "0.4": 7.867846320537576,
    "0.45": 7.875086414715349,
    "0.5": 7.885830379071396,
    "0.6": 7.917831750657441,
    "0.7": 7.967467465246317,
    "0.8": 8.039329361012621,
    "0.9": 8.123568657848732,
    "1.1": 8.1584100964886
  },
  "best_threshold": 0.3,
  "mae_report_half_unseen": 8.016305829052751,
  "mae_full_holdout": 7.939446512404356,
  "reference_single_stage": 7.9968,
  "stage_a_auc": 0.7828136165926467
}